ID_global,Modulo,Modulo_carpeta,Orden_modulo,Pantalla,Archivo_ordenado,Archivo_mockup,Etapa,Funcionalidad_operacion,Nombre_original
NC-001,ESTUDIANTE,01_estudiante,1,Acceso Al Sistema Neurocommand 1,01_imagenes_ordenadas/01_estudiante/001_acceso_al_sistema_neurocommand_1.png,02_mockups_anotados/01_estudiante/001_acceso_al_sistema_neurocommand_1_mockup_anotado.png,"Acceso, seguridad y onboarding","Ingresar, recuperar acceso, validar identidad y configurar el perfil académico del estudiante.",acceso_al_sistema_neurocommand_1
NC-002,ESTUDIANTE,01_estudiante,2,Acceso Al Sistema Neurocommand 2,01_imagenes_ordenadas/01_estudiante/002_acceso_al_sistema_neurocommand_2.png,02_mockups_anotados/01_estudiante/002_acceso_al_sistema_neurocommand_2_mockup_anotado.png,"Acceso, seguridad y onboarding","Ingresar, recuperar acceso, validar identidad y configurar el perfil académico del estudiante.",acceso_al_sistema_neurocommand_2
NC-003,ESTUDIANTE,01_estudiante,3,Acceso Al Sistema Neurocommand 3,01_imagenes_ordenadas/01_estudiante/003_acceso_al_sistema_neurocommand_3.png,02_mockups_anotados/01_estudiante/003_acceso_al_sistema_neurocommand_3_mockup_anotado.png,"Acceso, seguridad y onboarding","Ingresar, recuperar acceso, validar identidad y configurar el perfil académico del estudiante.",acceso_al_sistema_neurocommand_3
NC-004,ESTUDIANTE,01_estudiante,4,Acceso Al Sistema Neurocommand 4,01_imagenes_ordenadas/01_estudiante/004_acceso_al_sistema_neurocommand_4.png,02_mockups_anotados/01_estudiante/004_acceso_al_sistema_neurocommand_4_mockup_anotado.png,"Acceso, seguridad y onboarding","Ingresar, recuperar acceso, validar identidad y configurar el perfil académico del estudiante.",acceso_al_sistema_neurocommand_4
NC-005,ESTUDIANTE,01_estudiante,5,Onboarding Análisis Neural,01_imagenes_ordenadas/01_estudiante/005_onboarding_analisis_neural.png,02_mockups_anotados/01_estudiante/005_onboarding_analisis_neural_mockup_anotado.png,"Acceso, seguridad y onboarding","Ingresar, recuperar acceso, validar identidad y configurar el perfil académico del estudiante.",onboarding_an_lisis_neural
NC-006,ESTUDIANTE,01_estudiante,6,Onboarding Consolidaci N De Perfil 1,01_imagenes_ordenadas/01_estudiante/006_onboarding_consolidaci_n_de_perfil_1.png,02_mockups_anotados/01_estudiante/006_onboarding_consolidaci_n_de_perfil_1_mockup_anotado.png,"Acceso, seguridad y onboarding","Ingresar, recuperar acceso, validar identidad y configurar el perfil académico del estudiante.",onboarding_consolidaci_n_de_perfil_1
NC-007,ESTUDIANTE,01_estudiante,7,Onboarding Consolidaci N De Perfil 2,01_imagenes_ordenadas/01_estudiante/007_onboarding_consolidaci_n_de_perfil_2.png,02_mockups_anotados/01_estudiante/007_onboarding_consolidaci_n_de_perfil_2_mockup_anotado.png,"Acceso, seguridad y onboarding","Ingresar, recuperar acceso, validar identidad y configurar el perfil académico del estudiante.",onboarding_consolidaci_n_de_perfil_2
NC-008,ESTUDIANTE,01_estudiante,8,Onboarding Estudiante Paso 1,01_imagenes_ordenadas/01_estudiante/008_onboarding_estudiante_paso_1.png,02_mockups_anotados/01_estudiante/008_onboarding_estudiante_paso_1_mockup_anotado.png,"Acceso, seguridad y onboarding","Ingresar, recuperar acceso, validar identidad y configurar el perfil académico del estudiante.",onboarding_estudiante_paso_1
NC-009,ESTUDIANTE,01_estudiante,9,Onboarding Estudiante Paso 2,01_imagenes_ordenadas/01_estudiante/009_onboarding_estudiante_paso_2.png,02_mockups_anotados/01_estudiante/009_onboarding_estudiante_paso_2_mockup_anotado.png,"Acceso, seguridad y onboarding","Ingresar, recuperar acceso, validar identidad y configurar el perfil académico del estudiante.",onboarding_estudiante_paso_2
NC-010,ESTUDIANTE,01_estudiante,10,Perfil De Usuario Configuración Personal,01_imagenes_ordenadas/01_estudiante/010_perfil_de_usuario_configuracion_personal.png,02_mockups_anotados/01_estudiante/010_perfil_de_usuario_configuracion_personal_mockup_anotado.png,"Acceso, seguridad y onboarding","Ingresar, recuperar acceso, validar identidad y configurar el perfil académico del estudiante.",perfil_de_usuario_configuraci_n_personal
NC-011,ESTUDIANTE,01_estudiante,11,Recuperación De Acceso Seguridad 1,01_imagenes_ordenadas/01_estudiante/011_recuperacion_de_acceso_seguridad_1.png,02_mockups_anotados/01_estudiante/011_recuperacion_de_acceso_seguridad_1_mockup_anotado.png,"Acceso, seguridad y onboarding","Ingresar, recuperar acceso, validar identidad y configurar el perfil académico del estudiante.",recuperaci_n_de_acceso_seguridad_1
NC-012,ESTUDIANTE,01_estudiante,12,Recuperación De Acceso Seguridad 2,01_imagenes_ordenadas/01_estudiante/012_recuperacion_de_acceso_seguridad_2.png,02_mockups_anotados/01_estudiante/012_recuperacion_de_acceso_seguridad_2_mockup_anotado.png,"Acceso, seguridad y onboarding","Ingresar, recuperar acceso, validar identidad y configurar el perfil académico del estudiante.",recuperaci_n_de_acceso_seguridad_2
NC-013,ESTUDIANTE,01_estudiante,13,Seguridad Biométrica Configuración Acceso,01_imagenes_ordenadas/01_estudiante/013_seguridad_biometrica_configuracion_acceso.png,02_mockups_anotados/01_estudiante/013_seguridad_biometrica_configuracion_acceso_mockup_anotado.png,"Acceso, seguridad y onboarding","Ingresar, recuperar acceso, validar identidad y configurar el perfil académico del estudiante.",seguridad_biom_trica_configuraci_n_acceso
NC-014,ESTUDIANTE,01_estudiante,14,Centro De Logros Progresión Académica 1,01_imagenes_ordenadas/01_estudiante/014_centro_de_logros_progresion_academica_1.png,02_mockups_anotados/01_estudiante/014_centro_de_logros_progresion_academica_1_mockup_anotado.png,Panel personal y progresión,"Consultar progreso, XP, logros, actividades pendientes y avance de competencias.",centro_de_logros_progresi_n_acad_mica_1
NC-015,ESTUDIANTE,01_estudiante,15,Centro De Logros Progresión Académica 2,01_imagenes_ordenadas/01_estudiante/015_centro_de_logros_progresion_academica_2.png,02_mockups_anotados/01_estudiante/015_centro_de_logros_progresion_academica_2_mockup_anotado.png,Panel personal y progresión,"Consultar progreso, XP, logros, actividades pendientes y avance de competencias.",centro_de_logros_progresi_n_acad_mica_2
NC-016,ESTUDIANTE,01_estudiante,16,Panel De Control Estudiante 1,01_imagenes_ordenadas/01_estudiante/016_panel_de_control_estudiante_1.png,02_mockups_anotados/01_estudiante/016_panel_de_control_estudiante_1_mockup_anotado.png,Panel personal y progresión,"Consultar progreso, XP, logros, actividades pendientes y avance de competencias.",panel_de_control_estudiante_1
NC-017,ESTUDIANTE,01_estudiante,17,Panel De Control Estudiante 2,01_imagenes_ordenadas/01_estudiante/017_panel_de_control_estudiante_2.png,02_mockups_anotados/01_estudiante/017_panel_de_control_estudiante_2_mockup_anotado.png,Panel personal y progresión,"Consultar progreso, XP, logros, actividades pendientes y avance de competencias.",panel_de_control_estudiante_2
NC-018,ESTUDIANTE,01_estudiante,18,Panel De Control Estudiante 3,01_imagenes_ordenadas/01_estudiante/018_panel_de_control_estudiante_3.png,02_mockups_anotados/01_estudiante/018_panel_de_control_estudiante_3_mockup_anotado.png,Panel personal y progresión,"Consultar progreso, XP, logros, actividades pendientes y avance de competencias.",panel_de_control_estudiante_3
NC-019,ESTUDIANTE,01_estudiante,19,Salón De La Fama Lite Neural,01_imagenes_ordenadas/01_estudiante/019_salon_de_la_fama_lite_neural.png,02_mockups_anotados/01_estudiante/019_salon_de_la_fama_lite_neural_mockup_anotado.png,Panel personal y progresión,"Consultar progreso, XP, logros, actividades pendientes y avance de competencias.",sal_n_de_la_fama_lite_neural
NC-020,ESTUDIANTE,01_estudiante,20,Briefing Del Caso Introducci N Narrativa 1,01_imagenes_ordenadas/01_estudiante/020_briefing_del_caso_introducci_n_narrativa_1.png,02_mockups_anotados/01_estudiante/020_briefing_del_caso_introducci_n_narrativa_1_mockup_anotado.png,Selección y preparación del caso,"Escoger un caso, revisar contexto clínico/narrativo, objetivos y antecedentes del sujeto simulado.",briefing_del_caso_introducci_n_narrativa_1
NC-021,ESTUDIANTE,01_estudiante,21,Briefing Del Caso Introducci N Narrativa 2,01_imagenes_ordenadas/01_estudiante/021_briefing_del_caso_introducci_n_narrativa_2.png,02_mockups_anotados/01_estudiante/021_briefing_del_caso_introducci_n_narrativa_2_mockup_anotado.png,Selección y preparación del caso,"Escoger un caso, revisar contexto clínico/narrativo, objetivos y antecedentes del sujeto simulado.",briefing_del_caso_introducci_n_narrativa_2
NC-022,ESTUDIANTE,01_estudiante,22,Briefing Del Caso Introducci N Narrativa 3,01_imagenes_ordenadas/01_estudiante/022_briefing_del_caso_introducci_n_narrativa_3.png,02_mockups_anotados/01_estudiante/022_briefing_del_caso_introducci_n_narrativa_3_mockup_anotado.png,Selección y preparación del caso,"Escoger un caso, revisar contexto clínico/narrativo, objetivos y antecedentes del sujeto simulado.",briefing_del_caso_introducci_n_narrativa_3
NC-023,ESTUDIANTE,01_estudiante,23,Dossier De Sujetos Selecci N De Caso,01_imagenes_ordenadas/01_estudiante/023_dossier_de_sujetos_selecci_n_de_caso.png,02_mockups_anotados/01_estudiante/023_dossier_de_sujetos_selecci_n_de_caso_mockup_anotado.png,Selección y preparación del caso,"Escoger un caso, revisar contexto clínico/narrativo, objetivos y antecedentes del sujeto simulado.",dossier_de_sujetos_selecci_n_de_caso
NC-024,ESTUDIANTE,01_estudiante,24,Advertencia De Contenido Sensible 1,01_imagenes_ordenadas/01_estudiante/024_advertencia_de_contenido_sensible_1.png,02_mockups_anotados/01_estudiante/024_advertencia_de_contenido_sensible_1_mockup_anotado.png,Consentimiento y preparación ética,"Aceptar advertencias de contenido sensible, condiciones académicas y calibrar el entorno de simulación.",advertencia_de_contenido_sensible_1
NC-025,ESTUDIANTE,01_estudiante,25,Advertencia De Contenido Sensible 2,01_imagenes_ordenadas/01_estudiante/025_advertencia_de_contenido_sensible_2.png,02_mockups_anotados/01_estudiante/025_advertencia_de_contenido_sensible_2_mockup_anotado.png,Consentimiento y preparación ética,"Aceptar advertencias de contenido sensible, condiciones académicas y calibrar el entorno de simulación.",advertencia_de_contenido_sensible_2
NC-026,ESTUDIANTE,01_estudiante,26,Advertencia De Contenido Sensible 3,01_imagenes_ordenadas/01_estudiante/026_advertencia_de_contenido_sensible_3.png,02_mockups_anotados/01_estudiante/026_advertencia_de_contenido_sensible_3_mockup_anotado.png,Consentimiento y preparación ética,"Aceptar advertencias de contenido sensible, condiciones académicas y calibrar el entorno de simulación.",advertencia_de_contenido_sensible_3
NC-027,ESTUDIANTE,01_estudiante,27,Escenario Atención Hospitalaria 1,01_imagenes_ordenadas/01_estudiante/027_escenario_atencion_hospitalaria_1.png,02_mockups_anotados/01_estudiante/027_escenario_atencion_hospitalaria_1_mockup_anotado.png,Simulación activa,"Interactuar con escenarios, dialogar con personajes/IA, tomar decisiones y recibir retroalimentación inmediata.",escenario_atenci_n_hospitalaria_1
NC-028,ESTUDIANTE,01_estudiante,28,Escenario Atención Hospitalaria 2,01_imagenes_ordenadas/01_estudiante/028_escenario_atencion_hospitalaria_2.png,02_mockups_anotados/01_estudiante/028_escenario_atencion_hospitalaria_2_mockup_anotado.png,Simulación activa,"Interactuar con escenarios, dialogar con personajes/IA, tomar decisiones y recibir retroalimentación inmediata.",escenario_atenci_n_hospitalaria_2
NC-029,ESTUDIANTE,01_estudiante,29,Escenario Comisaría De Familia,01_imagenes_ordenadas/01_estudiante/029_escenario_comisaria_de_familia.png,02_mockups_anotados/01_estudiante/029_escenario_comisaria_de_familia_mockup_anotado.png,Simulación activa,"Interactuar con escenarios, dialogar con personajes/IA, tomar decisiones y recibir retroalimentación inmediata.",escenario_comisar_a_de_familia
NC-030,ESTUDIANTE,01_estudiante,30,Escenario Intervención Comunitaria,01_imagenes_ordenadas/01_estudiante/030_escenario_intervencion_comunitaria.png,02_mockups_anotados/01_estudiante/030_escenario_intervencion_comunitaria_mockup_anotado.png,Simulación activa,"Interactuar con escenarios, dialogar con personajes/IA, tomar decisiones y recibir retroalimentación inmediata.",escenario_intervenci_n_comunitaria
NC-031,ESTUDIANTE,01_estudiante,31,Retroalimentaci N De Diálogo En Vivo,01_imagenes_ordenadas/01_estudiante/031_retroalimentaci_n_de_dialogo_en_vivo.png,02_mockups_anotados/01_estudiante/031_retroalimentaci_n_de_dialogo_en_vivo_mockup_anotado.png,Simulación activa,"Interactuar con escenarios, dialogar con personajes/IA, tomar decisiones y recibir retroalimentación inmediata.",retroalimentaci_n_de_di_logo_en_vivo
NC-032,ESTUDIANTE,01_estudiante,32,Simulación Estado De Crisis Aguda,01_imagenes_ordenadas/01_estudiante/032_simulacion_estado_de_crisis_aguda.png,02_mockups_anotados/01_estudiante/032_simulacion_estado_de_crisis_aguda_mockup_anotado.png,Simulación activa,"Interactuar con escenarios, dialogar con personajes/IA, tomar decisiones y recibir retroalimentación inmediata.",simulaci_n_estado_de_crisis_aguda
NC-033,ESTUDIANTE,01_estudiante,33,Caja De Herramientas Biblioteca Digital 1,01_imagenes_ordenadas/01_estudiante/033_caja_de_herramientas_biblioteca_digital_1.png,02_mockups_anotados/01_estudiante/033_caja_de_herramientas_biblioteca_digital_1_mockup_anotado.png,Caja de herramientas clínicas,"Consultar DSM-V, protocolos legales, biblioteca digital y escalas psicométricas durante el caso.",caja_de_herramientas_biblioteca_digital_1
NC-034,ESTUDIANTE,01_estudiante,34,Caja De Herramientas Biblioteca Digital 2,01_imagenes_ordenadas/01_estudiante/034_caja_de_herramientas_biblioteca_digital_2.png,02_mockups_anotados/01_estudiante/034_caja_de_herramientas_biblioteca_digital_2_mockup_anotado.png,Caja de herramientas clínicas,"Consultar DSM-V, protocolos legales, biblioteca digital y escalas psicométricas durante el caso.",caja_de_herramientas_biblioteca_digital_2
NC-035,ESTUDIANTE,01_estudiante,35,Caja De Herramientas Detalle Dsm V,01_imagenes_ordenadas/01_estudiante/035_caja_de_herramientas_detalle_dsm_v.png,02_mockups_anotados/01_estudiante/035_caja_de_herramientas_detalle_dsm_v_mockup_anotado.png,Caja de herramientas clínicas,"Consultar DSM-V, protocolos legales, biblioteca digital y escalas psicométricas durante el caso.",caja_de_herramientas_detalle_dsm_v
NC-036,ESTUDIANTE,01_estudiante,36,Caja De Herramientas Protocolos Legales,01_imagenes_ordenadas/01_estudiante/036_caja_de_herramientas_protocolos_legales.png,02_mockups_anotados/01_estudiante/036_caja_de_herramientas_protocolos_legales_mockup_anotado.png,Caja de herramientas clínicas,"Consultar DSM-V, protocolos legales, biblioteca digital y escalas psicométricas durante el caso.",caja_de_herramientas_protocolos_legales
NC-037,ESTUDIANTE,01_estudiante,37,Herramientas Detalle Dsm V Avanzado,01_imagenes_ordenadas/01_estudiante/037_herramientas_detalle_dsm_v_avanzado.png,02_mockups_anotados/01_estudiante/037_herramientas_detalle_dsm_v_avanzado_mockup_anotado.png,Caja de herramientas clínicas,"Consultar DSM-V, protocolos legales, biblioteca digital y escalas psicométricas durante el caso.",herramientas_detalle_dsm_v_avanzado
NC-038,ESTUDIANTE,01_estudiante,38,Herramientas Escalas Psicométricas,01_imagenes_ordenadas/01_estudiante/038_herramientas_escalas_psicometricas.png,02_mockups_anotados/01_estudiante/038_herramientas_escalas_psicometricas_mockup_anotado.png,Caja de herramientas clínicas,"Consultar DSM-V, protocolos legales, biblioteca digital y escalas psicométricas durante el caso.",herramientas_escalas_psicom_tricas
NC-039,ESTUDIANTE,01_estudiante,39,Evaluaci N Competencias Transversales,01_imagenes_ordenadas/01_estudiante/039_evaluaci_n_competencias_transversales.png,02_mockups_anotados/01_estudiante/039_evaluaci_n_competencias_transversales_mockup_anotado.png,"Cierre, reflexión y evaluación","Registrar reflexión clínica, revisar resultados, analizar competencias y recibir recomendaciones formativas.",evaluaci_n_competencias_transversales
NC-040,ESTUDIANTE,01_estudiante,40,Informe Evolución De Competencias,01_imagenes_ordenadas/01_estudiante/040_informe_evolucion_de_competencias.png,02_mockups_anotados/01_estudiante/040_informe_evolucion_de_competencias_mockup_anotado.png,"Cierre, reflexión y evaluación","Registrar reflexión clínica, revisar resultados, analizar competencias y recibir recomendaciones formativas.",informe_evoluci_n_de_competencias
NC-041,ESTUDIANTE,01_estudiante,41,Informe Final De Resultados 1,01_imagenes_ordenadas/01_estudiante/041_informe_final_de_resultados_1.png,02_mockups_anotados/01_estudiante/041_informe_final_de_resultados_1_mockup_anotado.png,"Cierre, reflexión y evaluación","Registrar reflexión clínica, revisar resultados, analizar competencias y recibir recomendaciones formativas.",informe_final_de_resultados_1
NC-042,ESTUDIANTE,01_estudiante,42,Informe Final De Resultados 2,01_imagenes_ordenadas/01_estudiante/042_informe_final_de_resultados_2.png,02_mockups_anotados/01_estudiante/042_informe_final_de_resultados_2_mockup_anotado.png,"Cierre, reflexión y evaluación","Registrar reflexión clínica, revisar resultados, analizar competencias y recibir recomendaciones formativas.",informe_final_de_resultados_2
NC-043,ESTUDIANTE,01_estudiante,43,Informe Final De Resultados 3,01_imagenes_ordenadas/01_estudiante/043_informe_final_de_resultados_3.png,02_mockups_anotados/01_estudiante/043_informe_final_de_resultados_3_mockup_anotado.png,"Cierre, reflexión y evaluación","Registrar reflexión clínica, revisar resultados, analizar competencias y recibir recomendaciones formativas.",informe_final_de_resultados_3
NC-044,ESTUDIANTE,01_estudiante,44,Entorno Inmersión En Unidad De Trauma,01_imagenes_ordenadas/01_estudiante/044_entorno_inmersion_en_unidad_de_trauma.png,02_mockups_anotados/01_estudiante/044_entorno_inmersion_en_unidad_de_trauma_mockup_anotado.png,Soporte general,Consultar una vista del sistema y entender su estado operativo.,entorno_inmersi_n_en_unidad_de_trauma
NC-045,ESTUDIANTE,01_estudiante,45,Galería De Entornos De Simulación 1,01_imagenes_ordenadas/01_estudiante/045_galeria_de_entornos_de_simulacion_1.png,02_mockups_anotados/01_estudiante/045_galeria_de_entornos_de_simulacion_1_mockup_anotado.png,Soporte general,Consultar una vista del sistema y entender su estado operativo.,galer_a_de_entornos_de_simulaci_n_1
NC-046,ESTUDIANTE,01_estudiante,46,Galería De Entornos De Simulación 2,01_imagenes_ordenadas/01_estudiante/046_galeria_de_entornos_de_simulacion_2.png,02_mockups_anotados/01_estudiante/046_galeria_de_entornos_de_simulacion_2_mockup_anotado.png,Soporte general,Consultar una vista del sistema y entender su estado operativo.,galer_a_de_entornos_de_simulaci_n_2
NC-047,DOCENTE,02_docente,1,Detalle De Grupo Seguimiento Docente,01_imagenes_ordenadas/02_docente/001_detalle_de_grupo_seguimiento_docente.png,02_mockups_anotados/02_docente/001_detalle_de_grupo_seguimiento_docente_mockup_anotado.png,Supervisión académica,"Monitorear grupos, estudiantes, progreso, alertas y estado de participación.",detalle_de_grupo_seguimiento_docente
NC-048,DOCENTE,02_docente,2,Panel De Control Docente 1,01_imagenes_ordenadas/02_docente/002_panel_de_control_docente_1.png,02_mockups_anotados/02_docente/002_panel_de_control_docente_1_mockup_anotado.png,Supervisión académica,"Monitorear grupos, estudiantes, progreso, alertas y estado de participación.",panel_de_control_docente_1
NC-049,DOCENTE,02_docente,3,Panel De Control Docente 2,01_imagenes_ordenadas/02_docente/003_panel_de_control_docente_2.png,02_mockups_anotados/02_docente/003_panel_de_control_docente_2_mockup_anotado.png,Supervisión académica,"Monitorear grupos, estudiantes, progreso, alertas y estado de participación.",panel_de_control_docente_2
NC-050,DOCENTE,02_docente,4,Panel De Control Docente 3,01_imagenes_ordenadas/02_docente/004_panel_de_control_docente_3.png,02_mockups_anotados/02_docente/004_panel_de_control_docente_3_mockup_anotado.png,Supervisión académica,"Monitorear grupos, estudiantes, progreso, alertas y estado de participación.",panel_de_control_docente_3
NC-051,DOCENTE,02_docente,5,Biblioteca De Casos De Referencia,01_imagenes_ordenadas/02_docente/005_biblioteca_de_casos_de_referencia.png,02_mockups_anotados/02_docente/005_biblioteca_de_casos_de_referencia_mockup_anotado.png,Gestión de contenido,"Crear, editar y organizar casos, escenarios, narrativas y recursos multimedia.",biblioteca_de_casos_de_referencia
NC-052,DOCENTE,02_docente,6,Editor De Casos Nuevo Escenario,01_imagenes_ordenadas/02_docente/006_editor_de_casos_nuevo_escenario.png,02_mockups_anotados/02_docente/006_editor_de_casos_nuevo_escenario_mockup_anotado.png,Gestión de contenido,"Crear, editar y organizar casos, escenarios, narrativas y recursos multimedia.",editor_de_casos_nuevo_escenario
NC-053,DOCENTE,02_docente,7,Editor De Escenarios Formativos 1,01_imagenes_ordenadas/02_docente/007_editor_de_escenarios_formativos_1.png,02_mockups_anotados/02_docente/007_editor_de_escenarios_formativos_1_mockup_anotado.png,Gestión de contenido,"Crear, editar y organizar casos, escenarios, narrativas y recursos multimedia.",editor_de_escenarios_formativos_1
NC-054,DOCENTE,02_docente,8,Editor De Escenarios Formativos 2,01_imagenes_ordenadas/02_docente/008_editor_de_escenarios_formativos_2.png,02_mockups_anotados/02_docente/008_editor_de_escenarios_formativos_2_mockup_anotado.png,Gestión de contenido,"Crear, editar y organizar casos, escenarios, narrativas y recursos multimedia.",editor_de_escenarios_formativos_2
NC-055,DOCENTE,02_docente,9,Editor De Escenarios Formativos 3,01_imagenes_ordenadas/02_docente/009_editor_de_escenarios_formativos_3.png,02_mockups_anotados/02_docente/009_editor_de_escenarios_formativos_3_mockup_anotado.png,Gestión de contenido,"Crear, editar y organizar casos, escenarios, narrativas y recursos multimedia.",editor_de_escenarios_formativos_3
NC-056,DOCENTE,02_docente,10,Gestión Multimedia Banco De Activos,01_imagenes_ordenadas/02_docente/010_gestion_multimedia_banco_de_activos.png,02_mockups_anotados/02_docente/010_gestion_multimedia_banco_de_activos_mockup_anotado.png,Gestión de contenido,"Crear, editar y organizar casos, escenarios, narrativas y recursos multimedia.",gesti_n_multimedia_banco_de_activos
NC-057,DOCENTE,02_docente,11,Anal Ética Comparativa Rendimiento De Cohortes,01_imagenes_ordenadas/02_docente/011_anal_etica_comparativa_rendimiento_de_cohortes.png,02_mockups_anotados/02_docente/011_anal_etica_comparativa_rendimiento_de_cohortes_mockup_anotado.png,Analítica docente,"Analizar errores frecuentes, desempeño grupal, mapas de calor, cohortes e historial de cambios académicos.",anal_tica_comparativa_rendimiento_de_cohortes
NC-058,DOCENTE,02_docente,12,Historial De Cambios Gestión Académica,01_imagenes_ordenadas/02_docente/012_historial_de_cambios_gestion_academica.png,02_mockups_anotados/02_docente/012_historial_de_cambios_gestion_academica_mockup_anotado.png,Analítica docente,"Analizar errores frecuentes, desempeño grupal, mapas de calor, cohortes e historial de cambios académicos.",historial_de_cambios_gesti_n_acad_mica
NC-059,DOCENTE,02_docente,13,Mapa De Calor Desempeño Grupal,01_imagenes_ordenadas/02_docente/013_mapa_de_calor_desempeno_grupal.png,02_mockups_anotados/02_docente/013_mapa_de_calor_desempeno_grupal_mockup_anotado.png,Analítica docente,"Analizar errores frecuentes, desempeño grupal, mapas de calor, cohortes e historial de cambios académicos.",mapa_de_calor_desempe_o_grupal
NC-060,DOCENTE,02_docente,14,Anal Ética De Grupo Desempeño Colectivo,01_imagenes_ordenadas/02_docente/014_anal_etica_de_grupo_desempeno_colectivo.png,02_mockups_anotados/02_docente/014_anal_etica_de_grupo_desempeno_colectivo_mockup_anotado.png,Soporte general,Consultar una vista del sistema y entender su estado operativo.,anal_tica_de_grupo_desempe_o_colectivo
NC-061,DOCENTE,02_docente,15,Análisis De Errores Detalle Grupo 1,01_imagenes_ordenadas/02_docente/015_analisis_de_errores_detalle_grupo_1.png,02_mockups_anotados/02_docente/015_analisis_de_errores_detalle_grupo_1_mockup_anotado.png,Soporte general,Consultar una vista del sistema y entender su estado operativo.,an_lisis_de_errores_detalle_grupo_1
NC-062,DOCENTE,02_docente,16,Análisis De Errores Detalle Grupo 2,01_imagenes_ordenadas/02_docente/016_analisis_de_errores_detalle_grupo_2.png,02_mockups_anotados/02_docente/016_analisis_de_errores_detalle_grupo_2_mockup_anotado.png,Soporte general,Consultar una vista del sistema y entender su estado operativo.,an_lisis_de_errores_detalle_grupo_2
NC-063,DOCENTE,02_docente,17,Protocolo De Intervención Control Docente,01_imagenes_ordenadas/02_docente/017_protocolo_de_intervencion_control_docente.png,02_mockups_anotados/02_docente/017_protocolo_de_intervencion_control_docente_mockup_anotado.png,Soporte general,Consultar una vista del sistema y entender su estado operativo.,protocolo_de_intervenci_n_control_docente
NC-064,ADMINISTRADOR,03_administrador,1,Panel De Control Administrador 1,01_imagenes_ordenadas/03_administrador/001_panel_de_control_administrador_1.png,02_mockups_anotados/03_administrador/001_panel_de_control_administrador_1_mockup_anotado.png,Panel de administración,"Ver estado global del sistema, métricas técnicas, riesgos y acciones administrativas.",panel_de_control_administrador_1
NC-065,ADMINISTRADOR,03_administrador,2,Panel De Control Administrador 2,01_imagenes_ordenadas/03_administrador/002_panel_de_control_administrador_2.png,02_mockups_anotados/03_administrador/002_panel_de_control_administrador_2_mockup_anotado.png,Panel de administración,"Ver estado global del sistema, métricas técnicas, riesgos y acciones administrativas.",panel_de_control_administrador_2
NC-066,ADMINISTRADOR,03_administrador,3,Panel De Control Administrador 3,01_imagenes_ordenadas/03_administrador/003_panel_de_control_administrador_3.png,02_mockups_anotados/03_administrador/003_panel_de_control_administrador_3_mockup_anotado.png,Panel de administración,"Ver estado global del sistema, métricas técnicas, riesgos y acciones administrativas.",panel_de_control_administrador_3
NC-067,ADMINISTRADOR,03_administrador,4,Directorio De Usuarios Admin 1,01_imagenes_ordenadas/03_administrador/004_directorio_de_usuarios_admin_1.png,02_mockups_anotados/03_administrador/004_directorio_de_usuarios_admin_1_mockup_anotado.png,"Usuarios, permisos y licencias","Administrar usuarios, roles, permisos, entidades académicas, licencias y tokens/API.",directorio_de_usuarios_admin_1
NC-068,ADMINISTRADOR,03_administrador,5,Directorio De Usuarios Admin 2,01_imagenes_ordenadas/03_administrador/005_directorio_de_usuarios_admin_2.png,02_mockups_anotados/03_administrador/005_directorio_de_usuarios_admin_2_mockup_anotado.png,"Usuarios, permisos y licencias","Administrar usuarios, roles, permisos, entidades académicas, licencias y tokens/API.",directorio_de_usuarios_admin_2
NC-069,ADMINISTRADOR,03_administrador,6,Gestión De Licencias Entidad Académica,01_imagenes_ordenadas/03_administrador/006_gestion_de_licencias_entidad_academica.png,02_mockups_anotados/03_administrador/006_gestion_de_licencias_entidad_academica_mockup_anotado.png,"Usuarios, permisos y licencias","Administrar usuarios, roles, permisos, entidades académicas, licencias y tokens/API.",gesti_n_de_licencias_entidad_acad_mica
NC-070,ADMINISTRADOR,03_administrador,7,Gestión De Permisos Configuración,01_imagenes_ordenadas/03_administrador/007_gestion_de_permisos_configuracion.png,02_mockups_anotados/03_administrador/007_gestion_de_permisos_configuracion_mockup_anotado.png,"Usuarios, permisos y licencias","Administrar usuarios, roles, permisos, entidades académicas, licencias y tokens/API.",gesti_n_de_permisos_configuraci_n
NC-071,ADMINISTRADOR,03_administrador,8,Gestión De Tokens Seguridad Api,01_imagenes_ordenadas/03_administrador/008_gestion_de_tokens_seguridad_api.png,02_mockups_anotados/03_administrador/008_gestion_de_tokens_seguridad_api_mockup_anotado.png,"Usuarios, permisos y licencias","Administrar usuarios, roles, permisos, entidades académicas, licencias y tokens/API.",gesti_n_de_tokens_seguridad_api
NC-072,ADMINISTRADOR,03_administrador,9,Infraestructura Carga De Nodos,01_imagenes_ordenadas/03_administrador/009_infraestructura_carga_de_nodos.png,02_mockups_anotados/03_administrador/009_infraestructura_carga_de_nodos_mockup_anotado.png,Infraestructura y servicios,"Monitorear nodos, topología, carga, salud del sistema y mantenimiento técnico.",infraestructura_carga_de_nodos
NC-073,ADMINISTRADOR,03_administrador,10,Infraestructura Estado De Nodos,01_imagenes_ordenadas/03_administrador/010_infraestructura_estado_de_nodos.png,02_mockups_anotados/03_administrador/010_infraestructura_estado_de_nodos_mockup_anotado.png,Infraestructura y servicios,"Monitorear nodos, topología, carga, salud del sistema y mantenimiento técnico.",infraestructura_estado_de_nodos
NC-074,ADMINISTRADOR,03_administrador,11,Mantenimiento De Servicios Panel Técnico,01_imagenes_ordenadas/03_administrador/011_mantenimiento_de_servicios_panel_tecnico.png,02_mockups_anotados/03_administrador/011_mantenimiento_de_servicios_panel_tecnico_mockup_anotado.png,Infraestructura y servicios,"Monitorear nodos, topología, carga, salud del sistema y mantenimiento técnico.",mantenimiento_de_servicios_panel_t_cnico
NC-075,ADMINISTRADOR,03_administrador,12,Optimizaci N De Salud De Nodos,01_imagenes_ordenadas/03_administrador/012_optimizaci_n_de_salud_de_nodos.png,02_mockups_anotados/03_administrador/012_optimizaci_n_de_salud_de_nodos_mockup_anotado.png,Infraestructura y servicios,"Monitorear nodos, topología, carga, salud del sistema y mantenimiento técnico.",optimizaci_n_de_salud_de_nodos
NC-076,ADMINISTRADOR,03_administrador,13,Configuración De Redes Neuronales Ai,01_imagenes_ordenadas/03_administrador/013_configuracion_de_redes_neuronales_ai.png,02_mockups_anotados/03_administrador/013_configuracion_de_redes_neuronales_ai_mockup_anotado.png,"Seguridad, auditoría e IA","Revisar auditoría, respaldos, integridad de IA, sesgos, seguridad y configuración avanzada.",configuraci_n_de_redes_neuronales_ai
NC-077,ADMINISTRADOR,03_administrador,14,Gestión De Respaldos Seguridad De Datos 1,01_imagenes_ordenadas/03_administrador/014_gestion_de_respaldos_seguridad_de_datos_1.png,02_mockups_anotados/03_administrador/014_gestion_de_respaldos_seguridad_de_datos_1_mockup_anotado.png,"Seguridad, auditoría e IA","Revisar auditoría, respaldos, integridad de IA, sesgos, seguridad y configuración avanzada.",gesti_n_de_respaldos_seguridad_de_datos_1
NC-078,ADMINISTRADOR,03_administrador,15,Gestión De Respaldos Seguridad De Datos 2,01_imagenes_ordenadas/03_administrador/015_gestion_de_respaldos_seguridad_de_datos_2.png,02_mockups_anotados/03_administrador/015_gestion_de_respaldos_seguridad_de_datos_2_mockup_anotado.png,"Seguridad, auditoría e IA","Revisar auditoría, respaldos, integridad de IA, sesgos, seguridad y configuración avanzada.",gesti_n_de_respaldos_seguridad_de_datos_2
NC-079,ADMINISTRADOR,03_administrador,16,Reporte De Integridad Ia Diagnóstico Avanzado,01_imagenes_ordenadas/03_administrador/016_reporte_de_integridad_ia_diagnostico_avanzado.png,02_mockups_anotados/03_administrador/016_reporte_de_integridad_ia_diagnostico_avanzado_mockup_anotado.png,"Seguridad, auditoría e IA","Revisar auditoría, respaldos, integridad de IA, sesgos, seguridad y configuración avanzada.",reporte_de_integridad_ia_diagn_stico_avanzado
NC-080,ADMINISTRADOR,03_administrador,17,Alerta Cr Ética Inestabilidad De Simulación,01_imagenes_ordenadas/03_administrador/017_alerta_cr_etica_inestabilidad_de_simulacion.png,02_mockups_anotados/03_administrador/017_alerta_cr_etica_inestabilidad_de_simulacion_mockup_anotado.png,Alertas y protocolos críticos,"Configurar alertas, atender incidentes y ejecutar protocolos de emergencia o apagado.",alerta_cr_tica_inestabilidad_de_simulaci_n
NC-081,ADMINISTRADOR,03_administrador,18,Configuración De Alertas Del Sistema,01_imagenes_ordenadas/03_administrador/018_configuracion_de_alertas_del_sistema.png,02_mockups_anotados/03_administrador/018_configuracion_de_alertas_del_sistema_mockup_anotado.png,Alertas y protocolos críticos,"Configurar alertas, atender incidentes y ejecutar protocolos de emergencia o apagado.",configuraci_n_de_alertas_del_sistema
NC-082,ADMINISTRADOR,03_administrador,19,Configuración De Alertas Hive,01_imagenes_ordenadas/03_administrador/019_configuracion_de_alertas_hive.png,02_mockups_anotados/03_administrador/019_configuracion_de_alertas_hive_mockup_anotado.png,Alertas y protocolos críticos,"Configurar alertas, atender incidentes y ejecutar protocolos de emergencia o apagado.",configuraci_n_de_alertas_hive
NC-083,ADMINISTRADOR,03_administrador,20,Protocolo De Apagado De Emergencia,01_imagenes_ordenadas/03_administrador/020_protocolo_de_apagado_de_emergencia.png,02_mockups_anotados/03_administrador/020_protocolo_de_apagado_de_emergencia_mockup_anotado.png,Alertas y protocolos críticos,"Configurar alertas, atender incidentes y ejecutar protocolos de emergencia o apagado.",protocolo_de_apagado_de_emergencia
NC-084,ADMINISTRADOR,03_administrador,21,Reporte De Incidentes Cl Nicos,01_imagenes_ordenadas/03_administrador/021_reporte_de_incidentes_cl_nicos.png,02_mockups_anotados/03_administrador/021_reporte_de_incidentes_cl_nicos_mockup_anotado.png,Alertas y protocolos críticos,"Configurar alertas, atender incidentes y ejecutar protocolos de emergencia o apagado.",reporte_de_incidentes_cl_nicos
NC-085,GENERAL / APOYO,04_general_y_apoyo,1,Mapa De Navegaci N Del Sistema,01_imagenes_ordenadas/04_general_y_apoyo/001_mapa_de_navegaci_n_del_sistema.png,02_mockups_anotados/04_general_y_apoyo/001_mapa_de_navegaci_n_del_sistema_mockup_anotado.png,Mapa global del sistema,"Visualizar navegación, ecosistema, conexiones entre módulos y arquitectura funcional.",mapa_de_navegaci_n_del_sistema
NC-086,GENERAL / APOYO,04_general_y_apoyo,2,Mapa Del Ecosistema Neurocommand,01_imagenes_ordenadas/04_general_y_apoyo/002_mapa_del_ecosistema_neurocommand.png,02_mockups_anotados/04_general_y_apoyo/002_mapa_del_ecosistema_neurocommand_mockup_anotado.png,Mapa global del sistema,"Visualizar navegación, ecosistema, conexiones entre módulos y arquitectura funcional.",mapa_del_ecosistema_neurocommand
NC-087,GENERAL / APOYO,04_general_y_apoyo,3,Imagen Complementaria 1,01_imagenes_ordenadas/04_general_y_apoyo/003_imagen_complementaria_1.png,02_mockups_anotados/04_general_y_apoyo/003_imagen_complementaria_1_mockup_anotado.png,Material visual complementario,Usar como recurso gráfico de apoyo para presentación o ambientación del prototipo.,image.png_1
NC-088,GENERAL / APOYO,04_general_y_apoyo,4,Imagen Complementaria 10,01_imagenes_ordenadas/04_general_y_apoyo/004_imagen_complementaria_10.png,02_mockups_anotados/04_general_y_apoyo/004_imagen_complementaria_10_mockup_anotado.png,Material visual complementario,Usar como recurso gráfico de apoyo para presentación o ambientación del prototipo.,image.png_10
NC-089,GENERAL / APOYO,04_general_y_apoyo,5,Imagen Complementaria 11,01_imagenes_ordenadas/04_general_y_apoyo/005_imagen_complementaria_11.png,02_mockups_anotados/04_general_y_apoyo/005_imagen_complementaria_11_mockup_anotado.png,Material visual complementario,Usar como recurso gráfico de apoyo para presentación o ambientación del prototipo.,image.png_11
NC-090,GENERAL / APOYO,04_general_y_apoyo,6,Imagen Complementaria 12,01_imagenes_ordenadas/04_general_y_apoyo/006_imagen_complementaria_12.png,02_mockups_anotados/04_general_y_apoyo/006_imagen_complementaria_12_mockup_anotado.png,Material visual complementario,Usar como recurso gráfico de apoyo para presentación o ambientación del prototipo.,image.png_12
NC-091,GENERAL / APOYO,04_general_y_apoyo,7,Imagen Complementaria 13,01_imagenes_ordenadas/04_general_y_apoyo/007_imagen_complementaria_13.png,02_mockups_anotados/04_general_y_apoyo/007_imagen_complementaria_13_mockup_anotado.png,Material visual complementario,Usar como recurso gráfico de apoyo para presentación o ambientación del prototipo.,image.png_13
NC-092,GENERAL / APOYO,04_general_y_apoyo,8,Imagen Complementaria 14,01_imagenes_ordenadas/04_general_y_apoyo/008_imagen_complementaria_14.png,02_mockups_anotados/04_general_y_apoyo/008_imagen_complementaria_14_mockup_anotado.png,Material visual complementario,Usar como recurso gráfico de apoyo para presentación o ambientación del prototipo.,image.png_14
NC-093,GENERAL / APOYO,04_general_y_apoyo,9,Imagen Complementaria 2,01_imagenes_ordenadas/04_general_y_apoyo/009_imagen_complementaria_2.png,02_mockups_anotados/04_general_y_apoyo/009_imagen_complementaria_2_mockup_anotado.png,Material visual complementario,Usar como recurso gráfico de apoyo para presentación o ambientación del prototipo.,image.png_2
NC-094,GENERAL / APOYO,04_general_y_apoyo,10,Imagen Complementaria 3,01_imagenes_ordenadas/04_general_y_apoyo/010_imagen_complementaria_3.png,02_mockups_anotados/04_general_y_apoyo/010_imagen_complementaria_3_mockup_anotado.png,Material visual complementario,Usar como recurso gráfico de apoyo para presentación o ambientación del prototipo.,image.png_3
NC-095,GENERAL / APOYO,04_general_y_apoyo,11,Imagen Complementaria 4,01_imagenes_ordenadas/04_general_y_apoyo/011_imagen_complementaria_4.png,02_mockups_anotados/04_general_y_apoyo/011_imagen_complementaria_4_mockup_anotado.png,Material visual complementario,Usar como recurso gráfico de apoyo para presentación o ambientación del prototipo.,image.png_4
NC-096,GENERAL / APOYO,04_general_y_apoyo,12,Imagen Complementaria 5,01_imagenes_ordenadas/04_general_y_apoyo/012_imagen_complementaria_5.png,02_mockups_anotados/04_general_y_apoyo/012_imagen_complementaria_5_mockup_anotado.png,Material visual complementario,Usar como recurso gráfico de apoyo para presentación o ambientación del prototipo.,image.png_5
NC-097,GENERAL / APOYO,04_general_y_apoyo,13,Imagen Complementaria 6,01_imagenes_ordenadas/04_general_y_apoyo/013_imagen_complementaria_6.png,02_mockups_anotados/04_general_y_apoyo/013_imagen_complementaria_6_mockup_anotado.png,Material visual complementario,Usar como recurso gráfico de apoyo para presentación o ambientación del prototipo.,image.png_6
NC-098,GENERAL / APOYO,04_general_y_apoyo,14,Imagen Complementaria 7,01_imagenes_ordenadas/04_general_y_apoyo/014_imagen_complementaria_7.png,02_mockups_anotados/04_general_y_apoyo/014_imagen_complementaria_7_mockup_anotado.png,Material visual complementario,Usar como recurso gráfico de apoyo para presentación o ambientación del prototipo.,image.png_7
NC-099,GENERAL / APOYO,04_general_y_apoyo,15,Imagen Complementaria 8,01_imagenes_ordenadas/04_general_y_apoyo/015_imagen_complementaria_8.png,02_mockups_anotados/04_general_y_apoyo/015_imagen_complementaria_8_mockup_anotado.png,Material visual complementario,Usar como recurso gráfico de apoyo para presentación o ambientación del prototipo.,image.png_8
NC-100,GENERAL / APOYO,04_general_y_apoyo,16,Imagen Complementaria 9,01_imagenes_ordenadas/04_general_y_apoyo/016_imagen_complementaria_9.png,02_mockups_anotados/04_general_y_apoyo/016_imagen_complementaria_9_mockup_anotado.png,Material visual complementario,Usar como recurso gráfico de apoyo para presentación o ambientación del prototipo.,image.png_9
NC-101,GENERAL / APOYO,04_general_y_apoyo,17,Biblioteca De Rúbricas Gestión Formativa,01_imagenes_ordenadas/04_general_y_apoyo/017_biblioteca_de_rubricas_gestion_formativa.png,02_mockups_anotados/04_general_y_apoyo/017_biblioteca_de_rubricas_gestion_formativa_mockup_anotado.png,Soporte general,Consultar una vista del sistema y entender su estado operativo.,biblioteca_de_r_bricas_gesti_n_formativa
NC-102,GENERAL / APOYO,04_general_y_apoyo,18,Bit Cora De Reflexión Clínica 1,01_imagenes_ordenadas/04_general_y_apoyo/018_bit_cora_de_reflexion_clinica_1.png,02_mockups_anotados/04_general_y_apoyo/018_bit_cora_de_reflexion_clinica_1_mockup_anotado.png,Soporte general,Consultar una vista del sistema y entender su estado operativo.,bit_cora_de_reflexi_n_cl_nica_1
NC-103,GENERAL / APOYO,04_general_y_apoyo,19,Bit Cora De Reflexión Clínica 2,01_imagenes_ordenadas/04_general_y_apoyo/019_bit_cora_de_reflexion_clinica_2.png,02_mockups_anotados/04_general_y_apoyo/019_bit_cora_de_reflexion_clinica_2_mockup_anotado.png,Soporte general,Consultar una vista del sistema y entender su estado operativo.,bit_cora_de_reflexi_n_cl_nica_2
NC-104,GENERAL / APOYO,04_general_y_apoyo,20,Bit Cora De Reflexión Clínica 3,01_imagenes_ordenadas/04_general_y_apoyo/020_bit_cora_de_reflexion_clinica_3.png,02_mockups_anotados/04_general_y_apoyo/020_bit_cora_de_reflexion_clinica_3_mockup_anotado.png,Soporte general,Consultar una vista del sistema y entender su estado operativo.,bit_cora_de_reflexi_n_cl_nica_3
NC-105,GENERAL / APOYO,04_general_y_apoyo,21,Calibración Biométrica,01_imagenes_ordenadas/04_general_y_apoyo/021_calibracion_biometrica.png,02_mockups_anotados/04_general_y_apoyo/021_calibracion_biometrica_mockup_anotado.png,Soporte general,Consultar una vista del sistema y entender su estado operativo.,calibraci_n_biom_trica
NC-106,GENERAL / APOYO,04_general_y_apoyo,22,Configuración Modo De Simulación,01_imagenes_ordenadas/04_general_y_apoyo/022_configuracion_modo_de_simulacion.png,02_mockups_anotados/04_general_y_apoyo/022_configuracion_modo_de_simulacion_mockup_anotado.png,Soporte general,Consultar una vista del sistema y entender su estado operativo.,configuraci_n_modo_de_simulaci_n
NC-107,GENERAL / APOYO,04_general_y_apoyo,23,Configurador De Rúbricas Formativas 1,01_imagenes_ordenadas/04_general_y_apoyo/023_configurador_de_rubricas_formativas_1.png,02_mockups_anotados/04_general_y_apoyo/023_configurador_de_rubricas_formativas_1_mockup_anotado.png,Soporte general,Consultar una vista del sistema y entender su estado operativo.,configurador_de_r_bricas_formativas_1
NC-108,GENERAL / APOYO,04_general_y_apoyo,24,Configurador De Rúbricas Formativas 2,01_imagenes_ordenadas/04_general_y_apoyo/024_configurador_de_rubricas_formativas_2.png,02_mockups_anotados/04_general_y_apoyo/024_configurador_de_rubricas_formativas_2_mockup_anotado.png,Soporte general,Consultar una vista del sistema y entender su estado operativo.,configurador_de_r_bricas_formativas_2
NC-109,GENERAL / APOYO,04_general_y_apoyo,25,Detalle De Logro Certificaci N De Competencia,01_imagenes_ordenadas/04_general_y_apoyo/025_detalle_de_logro_certificaci_n_de_competencia.png,02_mockups_anotados/04_general_y_apoyo/025_detalle_de_logro_certificaci_n_de_competencia_mockup_anotado.png,Soporte general,Consultar una vista del sistema y entender su estado operativo.,detalle_de_logro_certificaci_n_de_competencia
NC-110,GENERAL / APOYO,04_general_y_apoyo,26,Expediente Metadatos Clínicos Ia,01_imagenes_ordenadas/04_general_y_apoyo/026_expediente_metadatos_clinicos_ia.png,02_mockups_anotados/04_general_y_apoyo/026_expediente_metadatos_clinicos_ia_mockup_anotado.png,Soporte general,Consultar una vista del sistema y entender su estado operativo.,expediente_metadatos_cl_nicos_ia
NC-111,GENERAL / APOYO,04_general_y_apoyo,27,Gestión De Casos Académicos 1,01_imagenes_ordenadas/04_general_y_apoyo/027_gestion_de_casos_academicos_1.png,02_mockups_anotados/04_general_y_apoyo/027_gestion_de_casos_academicos_1_mockup_anotado.png,Soporte general,Consultar una vista del sistema y entender su estado operativo.,gesti_n_de_casos_acad_micos_1
NC-112,GENERAL / APOYO,04_general_y_apoyo,28,Gestión De Casos Académicos 2,01_imagenes_ordenadas/04_general_y_apoyo/028_gestion_de_casos_academicos_2.png,02_mockups_anotados/04_general_y_apoyo/028_gestion_de_casos_academicos_2_mockup_anotado.png,Soporte general,Consultar una vista del sistema y entender su estado operativo.,gesti_n_de_casos_acad_micos_2
NC-113,GENERAL / APOYO,04_general_y_apoyo,29,Gestión De Casos Académicos 3,01_imagenes_ordenadas/04_general_y_apoyo/029_gestion_de_casos_academicos_3.png,02_mockups_anotados/04_general_y_apoyo/029_gestion_de_casos_academicos_3_mockup_anotado.png,Soporte general,Consultar una vista del sistema y entender su estado operativo.,gesti_n_de_casos_acad_micos_3
NC-114,GENERAL / APOYO,04_general_y_apoyo,30,Historial Cl Nico Del Sujeto,01_imagenes_ordenadas/04_general_y_apoyo/030_historial_cl_nico_del_sujeto.png,02_mockups_anotados/04_general_y_apoyo/030_historial_cl_nico_del_sujeto_mockup_anotado.png,Soporte general,Consultar una vista del sistema y entender su estado operativo.,historial_cl_nico_del_sujeto
NC-115,GENERAL / APOYO,04_general_y_apoyo,31,Interfaz De Diálogo Din Mico Ai,01_imagenes_ordenadas/04_general_y_apoyo/031_interfaz_de_dialogo_din_mico_ai.png,02_mockups_anotados/04_general_y_apoyo/031_interfaz_de_dialogo_din_mico_ai_mockup_anotado.png,Soporte general,Consultar una vista del sistema y entender su estado operativo.,interfaz_de_di_logo_din_mico_ai
NC-116,GENERAL / APOYO,04_general_y_apoyo,32,Planificación De Sesiones Calendario Académico,01_imagenes_ordenadas/04_general_y_apoyo/032_planificacion_de_sesiones_calendario_academico.png,02_mockups_anotados/04_general_y_apoyo/032_planificacion_de_sesiones_calendario_academico_mockup_anotado.png,Soporte general,Consultar una vista del sistema y entender su estado operativo.,planificaci_n_de_sesiones_calendario_acad_mico
NC-117,GENERAL / APOYO,04_general_y_apoyo,33,Registro De Auditoría Seguridad Del Sistema 1,01_imagenes_ordenadas/04_general_y_apoyo/033_registro_de_auditoria_seguridad_del_sistema_1.png,02_mockups_anotados/04_general_y_apoyo/033_registro_de_auditoria_seguridad_del_sistema_1_mockup_anotado.png,Soporte general,Consultar una vista del sistema y entender su estado operativo.,registro_de_auditor_a_seguridad_del_sistema_1
NC-118,GENERAL / APOYO,04_general_y_apoyo,34,Registro De Auditoría Seguridad Del Sistema 2,01_imagenes_ordenadas/04_general_y_apoyo/034_registro_de_auditoria_seguridad_del_sistema_2.png,02_mockups_anotados/04_general_y_apoyo/034_registro_de_auditoria_seguridad_del_sistema_2_mockup_anotado.png,Soporte general,Consultar una vista del sistema y entender su estado operativo.,registro_de_auditor_a_seguridad_del_sistema_2
NC-119,GENERAL / APOYO,04_general_y_apoyo,35,Reporte De Ética Y Sesgos Ia,01_imagenes_ordenadas/04_general_y_apoyo/035_reporte_de_etica_y_sesgos_ia.png,02_mockups_anotados/04_general_y_apoyo/035_reporte_de_etica_y_sesgos_ia_mockup_anotado.png,Soporte general,Consultar una vista del sistema y entender su estado operativo.,reporte_de_tica_y_sesgos_ia
NC-120,GENERAL / APOYO,04_general_y_apoyo,36,Revisión De Bit Cora Seguimiento 1,01_imagenes_ordenadas/04_general_y_apoyo/036_revision_de_bit_cora_seguimiento_1.png,02_mockups_anotados/04_general_y_apoyo/036_revision_de_bit_cora_seguimiento_1_mockup_anotado.png,Soporte general,Consultar una vista del sistema y entender su estado operativo.,revisi_n_de_bit_cora_seguimiento_1
NC-121,GENERAL / APOYO,04_general_y_apoyo,37,Revisión De Bit Cora Seguimiento 2,01_imagenes_ordenadas/04_general_y_apoyo/037_revision_de_bit_cora_seguimiento_2.png,02_mockups_anotados/04_general_y_apoyo/037_revision_de_bit_cora_seguimiento_2_mockup_anotado.png,Soporte general,Consultar una vista del sistema y entender su estado operativo.,revisi_n_de_bit_cora_seguimiento_2
NC-122,GENERAL / APOYO,04_general_y_apoyo,38,Topología Global De Red Neurocommand,01_imagenes_ordenadas/04_general_y_apoyo/038_topologia_global_de_red_neurocommand.png,02_mockups_anotados/04_general_y_apoyo/038_topologia_global_de_red_neurocommand_mockup_anotado.png,Soporte general,Consultar una vista del sistema y entender su estado operativo.,topolog_a_global_de_red_neurocommand
